lat,lng,value
24.79141797359827,117.6516476632447,14.491465292723886
29.776387718326674,115.40463990328632,14.067846279906583
37.78320449322058,102.83591325407131,3.380951276555082
27.563277919153457,114.20008296364173,4.245318903554556
35.98911800665196,113.92464934805594,21.10379038441028
30.61882487736657,119.29256210301301,14.262399399002119
30.86242933169452,120.17181966131153,2.2817546411077516
30.30923714144585,114.99508687747922,17.939879377186486
18.38908514060358,110.44259020913564,13.53717638911373
36.606700733608,103.61527578455856,17.02182917106067
30.499793185472992,119.43087304165206,12.56430783260339
43.748194646962695,89.42944535075941,15.837689734938131
39.14143538458803,115.52592342570381,3.708573442277101
31.71092085201672,115.45041470138743,1.4915123019361354
29.948791348668827,107.22508831449261,6.020244187550823
30.98591328728362,104.85724452944154,11.263702310280056
27.957258344536655,114.72228904974291,24.253018808115392
26.911480114426055,104.1668263303721,3.7230848808257644
20.73064417895678,108.60975976793728,28.179407979252943
28.041491662528014,119.14291799097226,26.191097419096316
29.325731816308828,104.64422368487114,10.50114492764738
29.264471122449564,113.7327616315568,29.979261390555763
42.33520919958288,123.1586916707247,0.5966088518853163
42.63717565827404,111.65585285286309,22.437067545403522
39.26859763715691,111.1299292049502,8.422960803251105
26.415751416519925,118.19802934946395,5.101755328015798
42.31791923978903,86.87661607010297,12.844419847425396
46.58702963779486,124.68307581937314,2.707976563397103
25.842899129101745,120.39447130952476,3.0663968998567492
43.489485053855645,124.91510973721226,1.1973594570782375
30.095072768860927,121.84629831387399,0.5398547197205072
40.877984238273044,110.7612364163923,13.469266106581973
44.640821580519834,88.98846924262675,0.6853141675077801
28.42149839941867,106.16062009806417,14.47101080880399
42.14098857440496,86.65875775985253,3.6028702873781127
31.977013648307267,119.5961483418736,3.358735325373048
23.22830368216946,106.76918909909423,26.369939125370937
32.38906052795117,113.77002245484412,20.64943891264822
33.515042771973576,119.2277967963601,23.607830886872595
30.002536583312548,112.89973389475824,25.037761744696567
30.010404315744896,107.98681064463146,23.371624865889576
42.30320317340814,125.60214490880848,24.41791991098834
36.9320192481277,105.84510437576634,13.101858822820203
35.40431899446211,113.68126847968749,26.08427224249304
28.45075258213044,114.15087343075243,0.4206002551082988
18.487564689678855,108.66430138079288,13.410056402260198
30.199668676722936,119.4977215488069,8.175019100466873
36.151863132923374,108.56927729409114,2.9158885810759383
33.830334419712884,118.99941884579836,0.47042706601932993
37.38107070620288,101.11738902719789,4.1112910597606795
45.61703936597622,127.61176199527216,28.502557509964138
26.789322151765294,103.30746285980074,29.14837794090919
31.22849946299964,119.85080544881221,17.26119810300234
39.13294054788889,110.87979985381854,4.929683266399463
30.98990877401443,123.11687773339666,2.2346577260039013
39.53295118562573,111.26307039500887,22.581678511757502
21.981029235965963,113.14925541502073,21.401849966797414
43.30901694503849,122.28548962199673,14.015714034790584
28.785574641317293,113.72176017493352,17.185257012992036
34.54721193699568,113.26972664571839,17.930351130877337
36.04510359363784,111.8080398061267,27.427708398063572
45.44576960060291,88.44251949626612,18.85043643720988
37.20599661839515,102.11658134306168,13.47238083740219
38.59107625867806,117.61833659928747,13.514678069021382
39.184911503453684,107.22209565502123,7.201039040350279
41.025341905929075,116.30653259923274,24.05015577018326
32.45277421048533,118.22762148593912,16.675166992811526
30.85274932241184,118.57683123577445,25.194806640356454
29.48859485904137,91.54163167278405,3.543884025495696
21.64163386617112,109.23058513164342,17.761811150100844
18.892455550638857,108.8922325677406,3.2336034304994388
37.98313279198675,115.56769107593203,4.516752029283242
21.40182715793619,109.1009291196482,10.850196145215406
27.905095518217262,121.04996292646794,18.366817603417516
37.6750754690188,112.79242315032307,17.439865202900815
38.39621436961073,115.23828095630189,0.6459049645446036
35.59033110720629,116.73650334938071,2.496897823184676
33.187025866565264,107.49457502976811,27.250849020121944
32.27132115998162,117.03326644412078,20.19139945872428
46.52161364588191,127.30195159009479,3.1473006817178373
25.414346213611623,105.8841516749788,18.557176914488807
24.93225136093369,104.24830124702873,19.064076178088275
44.784703149935744,124.8589621013516,19.955225806539715
33.04544971003052,114.80741561714984,26.105312852471073
38.609980014457285,112.43757710555515,19.27578252306385
22.163534172536988,107.80588554747368,28.804339189347388
40.557941661575484,122.5068317545659,8.495018648360013
27.54947279708183,108.22386585061567,6.493354876824464
28.363286382131243,114.97799684249503,18.52471759175129
25.735582486439416,103.29654727498313,21.901052560023654
38.18168173615736,106.90524018931859,6.999616286375174
26.556043485965027,119.42341250517049,25.20489966447161
41.31912944843432,115.48890286852269,10.737082702830701
43.657732212934704,89.30030166745817,19.905386922423432
31.36645632100796,116.30802834466839,17.90141800466493
26.720835673809987,105.34541336689827,20.765452356330776
33.2847522850669,118.30648743993405,18.779472913813372
28.32193392157303,119.41082114974768,20.110824281267966
35.885803815719804,107.59209706202698,27.676326036574242
30.278316376075615,91.42169369073508,28.01707458818939
31.00377293749236,118.92377720479722,2.9013266172784435
30.080810513102065,106.03536231288415,23.185996357757745
23.16432506105122,103.72045972634533,24.62393229440347
39.381365742560156,114.29600114935832,21.695355767432243
37.528004061029776,107.73192093817002,23.547529868531548
30.174623784818102,90.88082553053306,21.76657128314439
37.98391938198872,115.47756932714678,7.567629209723663
29.52764461274158,104.82829476825982,13.919649000249002
38.075936158729725,108.08461683437321,18.013149087661823
31.73385596589294,119.70854827419208,18.309037388544034
31.27494298820341,105.46969676515394,9.944695326269526
45.01049185421931,124.65428594957278,6.526092396069916
38.65378174288237,112.12465714538126,10.101071827580183
31.13846318786581,122.62635203856254,14.400085675145352
36.1956259016812,113.77073664467234,1.3415187465362788
31.2198634738702,114.90543440492115,14.125873692521374
30.22255492329062,107.85537836123817,2.3743994834400928
30.17271731984286,117.67952460613012,5.225714257085081
44.25310418863168,88.81475240486331,21.75826831691059
37.52480844723261,115.84132095507323,6.033796422194655
36.677806787765086,112.55818322858477,18.950651104682887
34.90806622263473,113.04670754988909,17.777261643124312
32.948689121441525,117.31699076703035,19.372118447391813
43.53713169783862,124.12525345200766,15.95959467658483
24.1691728120545,109.55592785533766,28.799221737472696
42.258516615538056,123.0460617892896,21.44270005264008
20.2431318139396,108.97908933610574,24.86310997250251
42.01924738054167,125.0116987025131,18.55439896679469
28.46061441869343,118.59163305266087,5.722345446452579
37.783515985299694,117.66556840708644,9.576391838205002
27.2693871279552,111.70446873086563,20.045724606657455
40.60201325936792,123.84541249131856,13.843651854146682
46.82465350813784,127.3523633968276,17.28411371776197
35.896436599096916,112.78800372564433,6.7312795869060515
21.204423974429417,109.62667681628517,2.94892027052432
40.35320491931349,116.81313109740482,12.892327228070805
35.03496840254934,107.46754466925118,20.603214618325282
35.31436185114932,115.81135430396274,5.029403700455983
18.502812498094517,108.72827329439883,26.836673766511286
39.493495403123035,113.4456176789771,16.58064431762137
40.54120257106951,117.43851634508079,18.940292820667864
32.48767504833662,118.21061161183985,12.478688066453698
43.996341470637994,127.18268213192391,19.93146216231573
37.11242737952137,117.24474071245103,28.598387958364427
40.99700371221668,124.47399293964595,14.097067193127069
29.934177256488873,118.52877505350185,11.870526596673372
37.79568758489417,104.98816790660484,16.08035030122783
39.114806776288326,115.84786131214895,20.971747567918072
21.968650243699905,110.42994657547679,14.913078602678508
36.32525851121431,103.59700323198143,25.60050226672603
23.142403976526076,111.74412060772542,12.612533461920513
27.200174092221168,119.39747342416173,28.54087394235069
22.877878495920598,107.98386601530423,29.29749059931495
44.17796197738427,124.34204056454938,4.461889895823338
19.695119798687777,111.36963421223463,29.223594546435116
34.21251388263102,107.30404424525062,21.620827686059062
30.511114473687954,116.75833993024557,14.096820720937417
29.42753825596912,114.08428563068938,23.300191507815192
30.044815295457752,90.28060784234673,23.538206205727278
30.907600356213628,104.0491458402253,11.735128712978842
39.45599953746571,114.30401596041632,4.810306843999239
34.093361514080684,115.59655374055085,29.449577315542527
38.84718120113686,115.4491834170152,19.657848316793533
37.43575400408172,104.99704247832439,16.384661819126695
33.6497791633731,112.67261074814384,8.168704432483471
32.29923863196815,119.71094993754018,8.711537600390518
24.834465468933075,117.80308282362763,26.8498211356452
27.989795299715144,118.9909245678601,27.90014013734576
42.29527831002804,113.32145788164149,21.048253410703733
37.149262439180404,118.38457246913464,29.02647154353933
30.481370356377624,102.20453066890146,0.7264338567858042
39.41697614092862,111.48663407213455,12.955167007804258
39.431214888939884,117.30029540389974,1.7326716057657432
29.667583588304275,121.60094016535652,25.91391714128209
23.932689158492337,103.6911598930531,22.86823985220966
38.21224914818624,115.2008958153734,16.192318115249858
39.96330749561783,119.05317562766785,22.361329763623708
26.957345571881884,117.8586770279984,4.032753256853701
26.985408542438265,111.25555359519913,24.58069924547113
30.468772270940654,115.32794974631068,14.107858838755238
28.646326350166532,114.06634478170544,8.875162180505713
35.459389697701035,100.0844436190605,12.734028967393634
25.22527891122509,121.13958107894668,18.974205186164767
38.57167679380635,115.73092980294653,4.881284905037164
44.650849078243375,88.01401454225238,12.13707563494463
39.63568969644231,111.60339122062129,26.548052858078613
43.502098801866694,87.12702136859619,14.072000583081705
30.077340886682208,113.59578448962307,22.142809563539107
38.419135183321266,116.16333434224931,21.88380307836383
29.01050931116035,114.54552184617395,23.073446744322105
31.578623947565006,112.91723292643155,4.497719098923358
36.6397611434827,116.13330205369,7.691513161659145
29.885780307470267,103.11319566072531,20.296957351056772
23.23239318870289,108.99799898608471,28.688910228744195
30.010480951124947,114.3979818057995,21.91881318874388
30.275849721663434,117.29092261296346,25.789900715119842
31.388694657820785,119.35458256553372,8.803945552777293
44.068884081387836,125.40701521753599,5.214452932933131
38.73193829755557,117.83304460821746,10.810300536029844
24.981767939087067,113.26703589846028,1.566415630424498
35.911183472495416,115.76719843208541,22.944223470724438
26.400808802534307,113.8145787312092,28.21847096229664
31.29487859258277,117.7470035280299,18.596155190021477
43.08510734080707,123.67301147932959,3.7642188496512397
30.957894196682485,105.81661371460122,18.799155925323507
45.56935455119113,86.46013151290032,8.586722145922614
30.040375352014355,112.32536464634964,22.181114382578876
24.440331068007062,113.64939111489117,0.8031387142434432
32.796088633293444,110.48640069495417,15.664268615993816
42.49536625304822,86.73948178367193,28.546017712711997
36.71302546793275,106.98128077487519,0.9726564627847845
37.12095709392632,105.13399231472438,29.235899507294654
40.59738929701574,124.62242793515685,7.632617924898975
21.80754646410449,110.1644903902306,3.7404239259965877
39.5973183211746,112.89364076181857,3.411324350944094
29.259793383281323,116.0829896240504,1.1195646865604747
30.02404558745813,89.4166609492735,21.423715906581414
26.55247174905257,103.97218634090306,24.37681399901825
24.434230401640537,119.21326821017183,20.146032220731207
37.43376911389435,117.78389201728429,25.61636312816769
31.092294378105862,122.56986564551424,15.199432381366595
40.44531032122641,115.31727475884621,21.944767263590403
24.54285993765059,110.26735964233322,13.648772798483256
32.53538882846376,109.21270594058673,22.68963841569988
39.33320513812749,114.64320216415554,1.79153624209607
41.732851924994804,123.00211673980252,19.391943542492648
29.961044916302402,114.308618654096,5.771041097695031
38.44469776318998,118.63035599782974,7.2856518794458
36.30869789948204,102.0157108566362,28.942598629684586
33.600283756700236,109.22034905817966,9.564010101000015
37.570895127113026,101.18959281613947,17.028148106431715
20.861880102007248,108.3177887720126,21.01023377820452
30.061691769974466,120.14166711489703,0.9176838466444903
39.61604771858344,112.82411146035503,12.917425494827874
44.743348607808265,85.61793723960999,0.8310026967161188
32.02655215706173,117.96000647001517,24.997155689549924
40.74475302256328,114.48314853206728,12.457132556546194
40.43723247263102,107.90117920108891,16.892822367869048
24.267729064597052,107.8279510318938,22.268551302464665
37.50681435586314,114.13139645041191,12.10839936808624
34.781854697650694,115.6383489635686,9.575119357104484
32.21987593317144,121.42871192428635,11.07743875247272
20.572316748675725,111.00236656552698,22.034583895089316
36.16199800874371,112.63964300365912,13.490066405046488
23.212112211105687,108.23497302611398,16.472201204137516
36.03012591008304,116.45447352301962,3.9476829882610187
44.42817993403821,126.53282482094976,1.8145881904616767
47.73965071254425,125.4191978081732,5.014028832543113
32.31783741061718,103.38460610679792,19.289138586580446
33.135776060822636,118.70867190960897,13.034897001763264
24.695551695797924,109.86581780840572,14.881001429244476
31.055351086957437,108.27047096050234,21.283685160040058
43.444044609904154,88.35748874255262,4.177359212444795
38.89998449748932,106.8363690095431,23.281065796846818
41.664019278944934,122.99806431733268,13.416733540065785
21.13249850032914,109.42906692529827,1.2943312271456686
27.025902358261337,100.93253783480564,27.33754634895613
36.98627560590476,102.6211046538765,23.33312003487215
32.82124031631891,115.21774916442028,14.844770296944933
28.019422969610538,120.81125677114306,10.759383853625726
31.647351537255886,114.15349397901507,9.394619503833397
27.18614554856466,116.87300370611288,16.471287513996057
37.87055990429802,103.69621418786713,3.538091933992522
33.816980351282766,118.62261681807641,11.259158341756098
19.740601946286745,111.58763593730244,8.399946306538338
35.12960156880184,102.84642379684122,23.61542181686737
31.532201098375808,113.92788461381132,8.990335382866302
24.47568199009613,114.90237295809564,29.08768069887816
27.726527464055266,119.77002074247083,4.674821676400025
42.652381510322755,125.64188505081911,9.684261075635076
24.816084198535236,111.70020163375283,7.10333246754174
27.297668953364457,116.13228880804326,13.053778704847804
31.755170381068755,117.86432375727371,18.535256867100745
39.28920897306167,108.19068836296958,14.978777563833535
45.48227574151355,128.06998581727458,6.792844943458238
35.86048131311353,104.65357776825815,16.334002766652485
27.576588780742146,107.88968290061055,15.129749031929826
30.527762426925403,123.35994626132108,27.527670506858954
46.687882188577404,128.0494008237606,28.24898805009835
43.95720143190638,127.53742175585717,18.80890376047767
29.771800944491194,116.15752145917993,5.0407569339418234
40.7089070851349,115.57143031740624,23.919144664179118
31.207101649335673,121.1677802959331,1.9229648106322883
29.334876606613925,113.167093829699,24.34247230902271
28.530237027063073,116.2353663081726,10.26670537761185
41.58404354276429,110.21294649694218,24.91881687925083
31.587661183345475,123.10747386398839,16.054004901544573
39.34656216177955,106.63338133808575,6.71434838853923
26.518396198309567,105.88594273957482,10.919897982108516
31.434369704790385,90.40614184467397,9.36947350354618
32.11597851835511,122.61282703754118,23.24885519393648
42.28831141220529,109.92461742598744,0.02198414877467192
28.4923790976017,106.95042634894413,28.849846788510906
33.10969598600332,114.19296754200352,13.223544354730262
25.31402059606377,103.14469725520463,22.90834561191413
41.34924563537853,118.02915717063777,28.13634761369803
21.005283480758486,111.16965075769156,16.701142661709063
21.128876930234274,108.74621456291875,28.609504509049415
32.04940595704102,114.79033206476731,13.68356803296493
32.04718743044919,120.37769425977766,22.528433971749966
36.63055487267597,110.84603038903312,1.208163229580932
35.82180609032358,115.25114123498928,11.519905035989309
27.67331413011449,107.21078171019784,2.0837964579557045
39.74260468127665,112.04987467032414,14.16000681280061
42.540173908066926,126.78715796939191,5.288943804752522
31.907199907802873,118.04785874592677,10.687686419113525
35.028260413153916,110.2308296637375,27.01138961203316
38.79418050877413,118.21510643206048,16.94327050280824
37.09045250922635,103.86512893208379,27.72292193195326
29.034170184516743,114.78293531407896,10.362002678426979
35.65957800594465,113.59224403385684,27.38515123399195
26.244237055199427,114.90699233132123,20.794763479496666
34.92657905038388,103.31167255716635,6.306424156901526
24.657055695220265,107.69886289747399,29.56068767666514
27.682570229041612,118.0769225549116,9.958597259996782
28.4506039220403,120.62943897625244,6.600185840623089
34.66755835276452,102.51784304145131,24.386404189248168
22.082614647390596,107.0743577170262,18.466739084929454
20.382621099053107,112.1052286911543,17.304696684142062
24.37006335295861,107.19423497714523,4.119327808957019
38.97174703933718,110.7215182626851,1.2814529329435764
28.231767519818327,107.88748396242636,2.508062437725207
29.081148265072947,115.826338231806,28.4943001910063
33.30473672843014,116.14184547944903,16.06248334545725
38.01117906929535,100.8160267206587,9.422881905915837
25.069196114200665,114.74215924422738,6.948576815638781
33.81558886136985,114.28476808029181,15.69531653201726
28.95292262288705,92.60630996155166,2.810986736682519
24.981118983244002,101.64630735907271,5.543818681931343
27.083338871465553,111.28350283062092,9.141555382009148
38.913890331047966,104.68188227110983,15.233967341846832
29.020475932963674,91.33541038029811,2.8983997746934165
28.012001083841664,114.0526642337815,0.7377392535200777
27.564010874204126,115.1145779503195,0.46301753428761083
42.33794751712921,86.23649756104425,6.017225621147102
40.15601372908468,106.22021195844515,18.7910707490774
45.369899457560024,87.62549400087885,16.309450144345575
28.30704888761279,107.3742596516241,24.502713509155544
31.31316106161528,105.62684070668658,10.274663626037297
20.160819510662137,111.29009484687072,2.2693621686748466
32.965852967573625,109.00573408474766,16.82189541834678
26.73855353838975,107.06949671220441,15.432831412394224
19.393416063377444,110.44079924398699,7.814752970596366
33.15774461835385,116.92891633422661,28.406380299766212
26.881878765784343,114.09682522458691,8.533537127617251
37.16459967329651,114.16053177972394,6.653256391815406
25.368907086074426,120.95604611733035,22.622153861953905
31.97215015920425,122.25421190118486,19.821405578370097
39.031206034450356,110.48231086948407,16.8387947778538
33.83023094961778,116.46781327793552,28.510099975020605
32.65813250868392,116.72423492155156,3.6736814917260796
37.945509742013,111.42643529101306,10.886177691023082
30.01623707361785,116.24071717741387,4.475237266190528
27.896915568163482,117.55505390418867,23.171978225866937
45.04221942236672,127.33602847446272,11.064860842297232
30.429089645426323,114.93725201128707,4.339740461972559
32.21570334036498,120.90549728714667,6.995393032916375
39.6035132105371,105.25515780419794,10.60050149449082
46.648048342122124,126.42134808420576,20.043586101464058
34.266740975472146,109.61721504596414,19.47711893939053
34.83113630113989,104.14875184059683,6.255807014264885
31.717100099146737,117.66041856601107,15.68166614378386
43.58754353810857,123.95953334083376,10.511058928031922
31.502498211308914,116.28756892360406,1.47087754066334
40.05379875230414,104.59834827015786,15.483911031047315
39.74156043791882,110.84257379691016,6.924564936884523
33.14454106898006,109.67754232614384,18.86473092555931
30.887390206415006,117.41072883787743,29.941680436352097
32.73955315805112,122.5657727819797,13.835167281524853
38.912775879008024,118.38211453790825,2.5201934785099223
37.91547715329942,104.44568857762069,15.818561117977072
29.362465270495015,117.8668432276164,8.528913129832167
20.047546429464486,110.98033244568373,26.23381722779264
43.3889368507926,88.4817410958788,5.597439354814126
44.40475943476285,127.07996080449284,8.559568176858512
37.638102102251636,105.76954566607066,2.1766809163785283
37.21016102311916,107.69761279717173,12.237775444720933
29.951810835350297,113.52904142532532,0.6299114035546638
45.40210875801059,126.42536247695448,9.759455821481737
38.87899782288123,114.5391955906043,22.8371378805521
29.356190967274625,106.1570068367097,18.939559071306903
30.299066312805888,117.85801868163148,23.14798837011153
27.183537262259,111.57948030382111,13.264591566154646
26.503247849496205,117.49858743492949,17.487945546509557
40.638309480521556,109.91598395033495,11.249170346261717
46.82416903313264,126.98695482171506,27.129667027847905
32.80556171468051,119.9860991925996,22.20681717217335
36.20234993840806,102.64090746957064,22.743031031953368
26.537115793515227,107.10746979916709,3.7655987471169516
30.272763413448146,92.69133449178678,19.898140676600303
45.614566904246196,126.93231107949684,23.600420809628968
39.65437947847906,109.97030009403522,11.58583848694919
36.79682211826655,113.61985329951303,4.691429663620332
47.388169043699364,125.65607295470902,2.525899501800233
30.55927886988341,107.10729594284281,5.868463762638852
36.56010224167706,112.89708884034354,16.97310612767548
39.55589333231546,111.06496012453213,18.192457552744806
27.50991724632793,118.02699201253607,11.006975968979713
33.41688024353846,107.4610603786643,1.9304928315459335
18.871434227801252,112.3090309683614,8.774111536570313
42.916162450000655,123.42020271741814,8.27979336915302
31.35045264453009,108.16723439187648,11.719088218884298
21.487074136287113,109.54346391738329,5.546991539887765
27.19064007534478,112.02630481346591,0.03358834516647535
26.027811983025373,100.86410559836419,6.770129878555431
23.96030353124162,103.58583543282725,12.326433670401357
30.110512722909757,112.6481632245136,9.031103151105356
38.87041497513579,118.83110131941409,18.24501176189816
30.237159239443947,116.10939233264465,10.051885780336898
37.340733180119294,118.2512158425911,15.572153419927272
27.935406774181196,113.45523568860634,20.46149305133058
23.899809879652516,113.51898714701262,19.454467909167967
39.32219235615793,111.61299243113139,6.214655435943028
30.288691494148107,119.85501817239681,8.063360493291789
26.263441633464932,108.10197435019815,27.104460407960197
32.657931208123756,105.75492793244321,8.561503027336775
45.82813749970582,123.87617783549449,25.484211349811382
28.260603527625783,114.99161306719873,12.333717114063639
34.89644254656463,104.23505447288717,8.54841902422802
22.375407798883774,107.75375725458699,25.61783854213585
40.683815225528775,114.57845060811721,25.236578344705677
32.852019699450935,120.18111164433363,16.007390082694542
22.14164420430639,110.26673449170697,7.783153293616536
29.45343780171217,121.73665734754105,18.28361458914403
31.170766583806348,122.13182643433291,1.5418087553853055
40.56300551693074,110.97407461011397,4.028727988346528
38.392352906084085,119.01860780751433,15.523787745195637
29.713725152354325,120.6753699744016,10.996161579793354
33.77491366740941,118.89508099658534,0.6714619374054398
21.883584409523685,113.7760515334088,23.679316945199336
39.38037244713498,105.17797881423756,4.657812070648726
29.748949794878662,120.87342324445652,27.990595738412523
30.060597442161008,115.71202163629374,9.179210205435812
25.07954083680551,118.58810591318803,13.383551814499073
41.65409972082583,123.78503574957436,22.455962172163762
28.717573707056097,120.65535207307448,11.801066604724735
27.71896286082711,91.63676380689117,0.37762785448547387
36.311840347781875,116.22392107146925,26.31738154474757
41.156703199198404,124.32925282811443,12.60828435252186
35.91337591522327,108.58505020526529,4.144826947455882
46.46219290172411,126.24640737532076,20.442439437618965
25.072515425732355,113.24215853098103,21.82515898151299
42.6606234296863,85.96635566047344,15.293631541428974
38.919902414425685,111.74220430521662,2.001769878390338
31.831304484210886,120.71724055901912,9.84877668456525
30.194779438412358,116.69946120779677,4.314862631981997
31.176416956313467,102.8406821973096,27.99854099448901
39.903804320498445,124.53439569029887,29.296671884629625
26.625435075029444,118.38385768380576,8.922861314978077
38.63567055131613,114.5585137092226,13.552320327075018
30.035217148005422,102.3788993406824,23.55265082047509
35.75144234804555,117.06317188387668,26.072875387401318
36.634347983720005,112.66466954634755,21.634980732135638
39.6557191814245,115.24478032464255,29.257962399853646
29.365955854658473,122.23411728739714,6.060110890522637
39.74610544678923,114.43682313736667,15.875222844603055
31.863421182102098,119.58933702099108,11.017024621012029
39.87922852846236,111.93423611345753,0.3366623764582788
31.673918857236245,118.21192786840842,27.85935824293205
21.84037593274011,114.97948290148581,29.57865584938944
36.39968978581418,111.52629020167643,17.108364945465116
29.345834229207682,114.13203803974862,17.693316849528003
30.000174673543096,116.77274428645758,12.54504939194685
32.20959297132377,121.4034846791458,9.99404645690002
29.501615603074594,107.43144283884308,18.839165344196644
27.915005407681214,104.91757545941599,8.753446641915374
21.67968384306606,108.35085428037877,7.020162933412289
42.452840523533666,111.88476752663342,3.2457260159392365
32.808417315799765,117.46616615919243,8.88605559330719
32.30136976429053,117.01691410023008,4.806092987120254
24.725684538361747,112.41489165454152,3.1468087437050585
44.722582646201616,125.45796224244661,10.089020846373316
41.16777820066174,111.1132769225568,5.927560574649567
31.604433243790638,120.48934953872836,5.150864282370737
34.55494592760027,112.82158005542588,3.356452756416055
25.01497399957566,104.01657054904814,27.50646027429368
26.844393899788187,111.8617222957088,1.3582160787725384
36.38205180413427,103.13694859517723,17.98820612788322
36.51339897553688,113.82539596981636,25.15328586835342
38.060266808708924,103.4254611194713,6.831483663271467
36.12809045714412,113.9419103998203,0.29072539938552744
22.25430655269258,108.93548387268537,26.575535393716944
45.07441522082683,124.3923671593356,13.856702855135111
30.429384449239624,105.46716541390556,5.863505034141474
28.981328052876307,116.95023798007082,1.278564837352496
26.07519306340228,117.41625265868802,4.00955330463556
29.10906895129854,112.7047453722752,1.2975346337408489
29.878801947411027,107.9174149004696,7.093504040619654
32.23191198515936,104.37081101172676,9.39357160115109
33.741737073275544,109.50837168932804,29.524255722115903
30.43333894514566,115.92461497776861,6.687645883956755
20.995540015938587,107.003771081713,21.765607266525166
44.043189467823424,124.71938491867385,5.614532278920834
30.940219405723436,122.00353765808775,17.006717655875185
27.108110789336386,106.91965207237936,18.144877383578862
37.24549365121035,104.6884754359702,13.389173996499819
36.13458334100259,117.131878943037,0.9847652643544369
25.021606969530147,106.09862111175569,29.208269028147328
29.53162250737784,103.86734117710101,22.25016109015361
40.96675660417607,122.9521003034789,18.6774506202768
30.641842564348543,105.7042598630432,17.32389056996429
34.23279183674241,113.43461784053805,8.008748781004485
29.594680111206603,114.37529290578824,7.041490212786408
35.640808217548965,116.32058233492249,21.334346609155517
23.175372060204964,109.98721789112408,28.922330492343345
43.90082378851452,124.13715296460185,18.13544759096596
30.69277856239084,89.2841733681308,3.404637159579922
36.408323244849086,102.55711750955066,26.070302262172046
42.29392067978978,111.95399935081264,9.372332132180592
42.029463510773596,111.2037043004748,19.21015342878665
34.45222709835301,107.37698672675259,19.25608522457901
35.84667858253303,102.40001917946658,17.633776546637257
34.753169285790555,101.42949623803766,1.7506655519253922
29.15559718845794,105.32683484821588,12.164435482292365
28.724900623187345,105.10876443835369,12.24566549402062
39.82502947118332,116.27690795985636,5.7727922395322135
26.929649063940058,118.45058522843532,2.374013992432631
26.736822607146877,107.27564665458812,20.536598658065415
30.625839132144428,107.18631386189008,5.723043938510958
27.60047800739877,118.23694740192784,4.157032424195098
36.22787152946939,100.96103380208353,28.778301082268097
28.61597691676736,117.0816172797576,13.346111375376204
30.862000048082393,104.66792207939463,7.851536161377344
33.40211987143425,110.12182759807772,29.113978687811656
29.60013968584561,114.08025442845017,24.834340001106703
38.745670327340534,111.4167639786459,18.735631896840953
32.29248198260224,118.58463179006422,0.11716624632748474
43.814688610107304,124.7344670326206,1.5030349682211797
22.987038215886137,115.07838472516889,4.5943188263425405
32.276364458386006,118.80185955305366,9.055968586227126
42.719219146359556,110.35274632464618,0.22218271959782765
39.1729468147125,110.90517011386135,25.622102193254282
46.749104123589085,125.17163385390639,9.994965106185973
21.71596654178432,110.73749931288869,11.293065757892274
29.60255072487112,103.78216399348872,3.1829390741348496
37.27388753591266,115.64411386223395,2.8964655917234894
35.173596814422304,100.85887693443958,22.678591791456387
31.74899464659711,119.24891969474892,25.919058491211597
24.38649082026471,120.56531927743158,4.740078889005492
32.09696969975071,118.85551507223997,21.664871678566413
28.962995936918833,112.38463695414356,12.06649167548038
40.52458087583643,115.87329120538578,25.183821107806978
32.984078121766316,107.67440107545897,0.18218286418533403
39.283110289031605,112.99805227355708,8.472992887058982
30.008795345315487,121.3421060420916,23.06485930057772
31.774512166590455,122.19779945632776,9.43537663286152
38.42986503942676,118.65185760968978,15.146411085105207
44.010505743666066,125.45681464965955,6.226211299901476
36.1124712307852,104.61149579185529,9.694939398285838
44.519600541897205,125.975581680988,28.598485547751245
41.421341736117085,113.2211885702677,22.63748293455879
31.633812412851302,115.51618214948142,4.638520181186041
32.03230807321863,115.89086429788145,28.655546578883374
28.99267583828365,115.38306480300398,14.090408862651602
36.66933356397588,100.10405483616069,23.60342018410242
39.99519287977954,106.85676745968271,5.253328232206775
38.69699065835083,104.88894769224817,25.63889125135765
41.501683529833336,112.09537965674832,22.19404060275246
24.16117980626497,118.50591953056312,12.71326412818503
33.08563876636641,117.94782820987527,26.7814687460258
30.030156329545953,108.27624559462683,13.457335456384314
36.97976207332245,102.83890190056384,0.3319771443938424
35.978724534741055,115.19343272915673,27.69778141638591
25.450689058469102,103.06961888337919,20.23572350377649
31.049612225965877,119.49466428207856,1.0731436225430002
38.509104522771395,117.33759544095258,15.166440344311862
24.960313281896205,100.88386417833527,10.238853794698372
38.151338190973405,114.51873755232396,0.1511228125090458
46.67885416927326,128.59687485186873,1.3293392964574302
33.91823922469048,114.80727625946813,15.206995361146289
47.44780427868571,126.38505234966009,26.875110885005704
37.832686050252576,102.45614097526324,6.502323495795547
27.83053466993789,119.45688171250626,9.48050720506088
30.1279439604895,112.34097198858412,20.003250497677556
32.016838577868775,116.26624658009572,9.603701430030833
30.201126109479116,117.10400874386119,23.481358930321157
41.443711526058884,124.45114436343145,26.060740609187892
39.63443290081916,112.74633437089075,5.949855612848682
43.397689259440305,87.2515890664782,26.67909203394984
33.030145212131075,119.27935555783118,19.78610493605613
40.54686429149272,124.2107279696925,27.474294114946108
30.976676251380752,118.54021043571454,2.3168987783156436
34.220066791556185,114.7052435923756,29.71044969962759
31.502882147542113,120.20535649770866,3.0476942032337484
29.645790501648108,90.51194426571945,6.596474448351978
37.08760506312507,101.61023758533379,13.01107930071951
45.25938471947742,85.94384877989651,29.38594325149827
31.187844023007465,91.29062022419832,27.371659318636816
28.4748777756179,107.53073287101498,29.5896594388809
36.956667813462445,99.88483444629865,13.08992080975357
36.9891630049134,115.35561147331472,6.034486826004237
32.490769425957865,115.28888414040256,16.70569146224611
26.375802334491848,107.45227662865969,11.182574217788407
40.583462455998315,118.29545584361499,0.29682511998806227
27.69459608533919,104.8197246993557,4.061561046655926
43.32417299675909,124.78948001530355,8.050612931242506
41.50751819206067,109.92882074486263,22.35321513917127
23.712109185963214,103.43139717400885,18.49333459168713
36.54721110281594,113.2564982236957,28.62953708894475
36.19087761887018,113.17860821972575,18.17708823052816
25.569402698028675,104.13769692442024,20.72262821231573
38.198350803907786,113.89747638738916,1.30805190177119
38.53890154483174,115.97938350491862,19.296316191096153
26.295224694041426,114.49380834903246,23.388059222495563
39.693519100377465,113.81626491442289,4.4340456704549425
25.94757382586124,120.98138574054235,6.471903154581109
30.239351968501204,119.96891310665872,21.715867199259602
31.467295741736002,117.7568076030988,25.731849356869354
21.792330812695937,106.92258894580465,22.195236292585903
38.34385740188275,117.77660567161826,15.663599018685229
32.919201060362994,118.01782763745337,12.669267702355453
31.147015854374104,120.51314983261926,22.824736318177955
33.060545546528154,116.36330956748294,1.463937211558859
41.09628275261307,115.31992076178821,0.3265770579755145
21.83682908629996,109.97556621890149,16.69446954803412
37.415459053151075,107.68598535834846,16.60235632533036
38.081815607911125,116.48175443881112,10.20238578790176
38.190618059434264,113.18829305277008,14.743746007982923
32.9347687866307,109.95893379926552,5.628214785373067
23.491297642955022,103.28076697502718,0.6052247499314856
33.248409971095334,116.99201296240179,14.818907114669786
29.7278942522597,113.15232399213714,0.3746423125351517
36.840328052292534,107.4391460268407,24.55968100314754
28.569165381854404,106.7859189543557,24.991170002804324
27.829559756129026,116.88385289891077,19.521716170164176
34.75408606087255,103.05723995332609,15.683833878612866
23.322034869810956,112.29403108726189,17.232523305270238
29.17691971769976,114.98040719922048,13.005609356338887
37.801466458063366,106.85787496976342,17.451874575163405
37.0089149019861,100.28473526826346,23.516452948802467
30.264238207542952,108.21328397979138,9.102418864888225
44.44433424436279,126.79197233574955,28.22625995284142
36.80132708824274,115.65907663907574,8.190031984960997
40.94183559977361,110.405129275228,21.57389623762632
43.30339969781633,121.7990493992331,22.79035908137381
23.203368673169976,106.59128656327943,3.9786760763548745
40.31372891480938,122.13125778543312,8.58640154062266
27.793847392691863,105.47533597430814,6.513023578223162
25.293755755619877,102.28766810019675,23.339154476520175
22.05618252396629,112.55335918943963,15.06932415917255
30.640126487856495,116.53566321217434,4.99153070375743
43.05805648539815,125.71326276022579,24.489849865274763
30.837649728780903,103.76711737110726,11.357952684083363
44.522621569907805,86.41460296677424,26.97809928576143
19.62617614968677,110.57174617988788,19.831001416014445
27.630071068254406,117.57647104163073,27.39287831242206
31.022059766103887,120.93953134276313,14.647252534563354
39.172413357579615,111.33381416184235,24.02282395409459
37.041177503132076,117.05046551763256,25.409700664400738
43.54781022601213,125.13686475044634,3.5172938550778565
37.07164454712357,105.18858469610834,7.94530008899613
37.53450692889936,115.21022802305234,10.056871469337679
39.16036972177365,115.49339019555447,4.571147138814961
41.876232602660124,114.67848994319192,13.874425098164494
31.153996660559457,118.68602704372196,29.024202765413055
29.660639456400215,104.30616129075361,21.945687641974065
34.32428206772107,108.38475966649489,11.06846371803697
29.058375628744884,113.27605512769583,9.266535626715767
26.95129314548738,108.4695927360017,16.25252506411914
46.08953535011574,126.28790055387914,13.702014202883886
36.61857765094173,105.04752743530405,11.884034252244884
41.772206963030854,125.05912996164652,23.128769535068926
21.134215409576683,108.82931003864138,0.9630610432456588
37.5800174219387,116.20890312615226,4.7226307137345325
40.96900678579711,115.51343744707563,22.369180507337358
43.14637067643718,122.36373960173225,7.82249560375087
37.77483278344666,103.07704500598327,16.969599352337216
30.57286425406125,89.61351521980315,8.850563112298628
40.23205158182592,115.94176258187585,14.764488045520036
31.549357665601615,120.35269044310517,12.135443454380573
36.15854731647396,104.28598880539622,19.51872928445909
37.97668720166958,108.04223680100007,19.110588128779124
30.56913936987155,116.25861086100696,4.173182153256385
38.92471957239533,113.06588421859776,8.243390083916653
32.17915191241043,115.54580304961416,17.192578891608687
33.23087932211107,116.81456730494631,17.46770435092143
31.339242329368872,102.80634866507026,9.481960560056171
43.54016443925205,124.17103918614427,18.86028691449699
38.955836973859185,107.33011419740323,15.727767554387208
39.03955128931019,114.88028258367616,18.734741550768497
37.762068504662984,111.89216485697587,25.148179706098304
29.784611892025197,118.29535944904633,27.4093498888744
44.108344998494275,88.72334841999216,21.701903067423864
40.03632810574848,118.16877907828396,10.775941482540048
37.53410698647527,104.80208044503422,21.573630837136044
19.73165968967379,111.28841906978414,29.0344413216025
44.38715471098861,126.35864673758272,19.096446216400132
31.694294742741462,116.3216668473351,29.494147111060197
21.46849809169706,108.78688714478302,25.099394189950267
26.306866377830044,105.07504088454058,10.276601317844579
38.356350621044314,118.00841602854861,20.323399879616332
29.775949586848746,121.79855325140228,15.699134011231322
45.50526572606944,125.70564703094473,7.397418798311362
30.21885138284847,120.24306511753483,9.628274564767787
28.12607912605078,107.18303542581121,13.157976824182224
27.552145768128458,106.70321654780597,18.264128944383863
23.763191576196704,102.75324285074157,23.28938618063958
35.75687857988257,103.49538040457435,15.552516764642297
28.433197267529543,115.86675958830398,2.5874666441669025
42.13014433408475,111.47175013440877,12.408818280447619
23.49801247513593,112.6853365483466,3.6492611366067162
40.66328212418371,117.89429268330987,0.17461702238333432
20.353214168469727,109.82559180137132,19.837515212093027
34.22542094355564,102.09006441717447,13.518928839649398
32.28326508576829,104.60089519739542,3.3212464612634918
23.88014417512064,112.05555457509317,8.131326697879405
34.85101900467285,102.58984344636265,26.828365068214243
37.06244184503777,102.29092451409836,27.74698811337384
36.324815296942,114.0243789640262,12.241863983342487
37.19313346027587,115.51722445226828,25.279771945496286
28.599571975134047,89.14273717845902,10.302117603568867
38.37490507004909,113.64555449767404,20.683491199879697
39.52896967001072,117.31327306229745,20.442235811425554
35.00574466803947,107.01655644278955,20.617600976615226
42.1638774777548,110.20721209961648,11.542140089912717
34.68429921560299,112.5081058218918,11.829028636984253
27.419079577761423,117.8690178998971,13.787313344230196
37.47678178739107,112.60957275003453,11.551001092372605
31.252120012260587,115.33689689998106,20.240779814081844
44.030134451600865,127.13145498281861,22.558342232674246
29.13118375891421,115.9060231535319,12.26913503300196
44.38361567528425,125.91180660221197,16.491282216994748
28.961801073361617,104.7821446568099,3.6789956314093186
41.82685292119415,123.9223017396665,9.761119902542838
29.850187489972875,119.72801975753362,21.142511011090185
34.55895907781773,110.72735205785312,27.18716638105814
34.52413124057893,114.76152339465582,15.910245647456216
37.603230251847535,111.58107622376764,28.241596822498323
30.040860649271057,92.11329770028642,1.8274438918615865
25.725655130159865,102.29826836690039,20.82198388163574
29.385714758019425,115.48697878058624,6.508323239198783
38.988296611672695,117.75365911255963,7.35523071058414
45.741654726465924,89.44337229500414,28.019335063139017
36.72096024394369,101.50638611269204,12.137341662137704
39.43168682289842,105.00864026665509,23.68452880424688
43.76075900992455,85.5760641226493,12.969746492945502
28.391473726330105,113.90278699301997,2.4400899133601417
32.63608180042839,118.28192978485094,16.786364323716725
41.261402287149,114.7359858907924,16.149705044885128
33.065130974936245,115.58432921492076,4.497578320772401
38.51720180676554,113.93300713750821,28.87878589826397
25.32195885615699,104.73969603238115,22.202210750687733
23.31941178921472,111.88784364919954,9.252059053869688
22.676508894549826,111.39846199441537,13.897687104233238
45.50669673866566,126.99023924781638,27.062809677405234
28.86668391440557,105.52244484173131,27.725276338799933
34.715609450280354,101.77347610387125,21.704452375652398
39.094658152584465,117.82820190643173,15.022717659598353
34.465416141673295,110.63896758656058,7.5809405343046565
42.878453561097345,124.09451162569272,13.99062590994222
24.537786303158285,111.77258711428219,1.6808342877872429
24.368995571144886,117.75683262461978,19.3638027479468
39.12098601218669,114.4073044754754,23.16024727460629
41.25751617035082,116.98159803110302,2.3814890817940415
39.365326539669226,116.09310791269331,10.693353694703173
42.78152745082309,123.21224691053382,2.1548499451723457
27.07663266630991,112.08019274508551,24.563743890909418
37.68059664771748,104.22951106024628,4.738214658981401
40.868533271896005,124.01020240752078,24.72906893826888
30.993975582255658,118.3265760477674,21.90953206093431
28.06984024898106,112.42231873655885,13.768578610749795
30.786807835014418,118.91704229473757,24.797158984273207
34.878863339747944,101.35270297067414,22.83893076993084
27.478634773603662,114.90017377638851,1.000030084434247
36.679907336574054,115.76970873740254,26.45575548420452
29.5415098985016,103.355082259521,16.81513094883227
31.637166829940405,116.88512870517653,19.936961069241327
37.82926330605022,100.53694874366877,5.740840482607419
30.96635278415918,113.82217476113819,19.240495164106296
31.419360584598955,106.60199938342174,3.1138239779691856
30.55075057221479,121.70476236730548,24.388364454855825
28.57725982236577,122.17434836425579,22.91462538004611
28.403937809084344,114.69315290711995,13.127579527535753
37.87439932941429,105.16943665389023,9.994222844461909
40.24839851923391,113.4082005018291,29.410850144758882
29.586511967008285,90.78615896659764,5.542362502613843
31.079542406583286,116.59850974147477,14.4956212087933
29.803880834437095,92.82943865050557,12.074572901636794
44.24121388404634,123.59611045261357,25.78968454279667
22.81160212859792,106.55464606887335,22.710280454895944
40.952420223295896,115.94493299275351,9.431610812728797
44.21672907726833,127.91053015726764,21.70205244474324
37.631476812353846,106.89824509985435,5.095565745600526
45.59889464594523,86.62725643745752,14.580539398325865
43.96543000437006,125.96939709928333,5.333199633293728
26.03838775895603,103.61291932331301,5.229423895812355
43.12876604007726,126.13673277388145,26.390856198143776
43.09243525782064,123.24212664109909,12.788629309498043
43.35612450470903,125.34955083077958,8.486189560924108
42.616237198198874,123.05997032155098,18.527036074860536
40.47081286694948,110.36813112766367,21.295564212266726
38.13561164957623,113.36946383072505,6.937906910984147
25.34876827335249,103.6278667243015,6.46819634164906
31.22240383552424,116.25206742091795,8.078505300993438
40.75916406223479,116.88003522025257,12.719814559882357
44.06604522343551,127.93045308091774,7.670538477902829
21.019545487551557,108.69650635876789,9.937941334947315
28.37610140882834,89.34724442698644,15.16524338936138
21.400817955374166,108.59160622661949,22.72008656263321
32.13707474760722,117.83888806278523,13.577340100816047
37.77480279860238,113.407571229144,11.270928640447444
38.98833735913656,115.35265136878914,10.086308009810026
36.01474991585025,109.45380096151514,11.754441774793458
22.165102973968235,107.72818661145126,2.9018752084610844
34.39848902814251,108.94169330158383,12.799078167721285
24.579888277082325,106.55725799336804,26.873851405166292
29.360134957264673,90.65291349243466,11.881058680056618
44.8772328993113,125.70639026994799,23.840571266219527
38.842053890356695,116.75841510761612,0.13700334088362132
31.076299424873138,120.97666284539369,8.92646331173185
38.34156537850871,117.79270805175442,17.134385316888828
31.178793505666675,104.77986298821872,0.13508289989112354
29.76851070009254,115.39355952034606,14.286746635325244
30.17462882644469,93.0871019502173,15.453804321289875
41.96603435963101,123.15418202459749,24.0053011404716
43.59379238789731,86.28040761617338,14.016772502527248
43.53850229232202,125.38073193848767,26.194206292788685
27.34907779684657,105.04093933597476,4.087173653352467
37.1642891291539,116.1793848364023,10.262737629400709
29.987457021142845,116.24011354112565,0.5017151307659695
20.275289913307674,108.75343223612218,19.24002232152965
42.78359922619906,111.48827627990435,9.543218094203551
28.630385237210668,89.6514653676697,28.135752748237415
29.540538388495023,121.77950527891065,0.5961853986378229
41.48969093494321,117.30043837826997,19.39401096611483
45.37663883489606,126.05047417367979,7.813068148930997
31.446887682648896,108.01145902250923,16.713443785945483
41.28776000419577,124.15252087592026,17.45602752671483
20.265749883673262,109.4580536889999,11.349868016343818
27.60256012638741,105.47559459980484,12.565720519294217
33.01573959786536,116.74283416594677,9.68159840988018
30.424360275771537,107.0756402648487,8.726192497975724
38.1606278878534,102.55827356502503,9.88715754566503
41.85672483946217,87.30577594066004,0.6608804399295165
44.33102309666463,86.61485159046535,4.365804702721383
24.186721983522855,108.28130157125533,14.504334400065833
39.195132061417624,115.64762852202422,7.247184116668666
43.28619603545644,86.36738838729427,17.712088466663236
31.497651211127064,118.52026271192038,18.33216149469062
29.869951155000393,120.67644525342845,14.597173520728191
36.80336254661358,104.36029721631776,2.3688307294399835
38.85336788662394,113.19460796143531,16.61962147779101
33.07610197330455,119.1698197893103,23.67771384721433
32.71460747633226,117.31125428271882,1.7745341624837963
36.55166517539559,114.04565730251109,2.6282855676006767
23.65601942824592,102.36723767218072,17.25128744617122
30.005174835951067,120.85093055565619,8.769705740919045
32.65150110886284,118.23947972203011,2.7875710603798765
41.97480076139378,86.04674296752778,15.985112198011912
33.43628056604239,117.84223377976119,3.520437920732422
38.96633413631925,107.2306157354545,16.040785334747884
21.3380481833926,111.93769199170427,9.394742337008015
33.25451287871567,109.94117099870317,12.076427548523348
43.15890088818286,122.73512023466809,8.805512664108727
37.53465097213916,104.60643459673956,29.174865570298415
38.077102864950696,99.94543169636609,21.383917733427968
45.73141769877875,86.73730063843746,4.324970756639297
32.11617609295902,123.22283138463848,14.786957189930801
28.31083531956019,114.96423828100406,16.781051069039975
31.2134624204254,118.03783366495946,29.061033756642413
36.19201445602253,104.35875649493313,23.391705383598975
38.877594287666554,112.9570155463181,15.454294385986838
23.35276092286773,107.9817810899472,9.056324649569063
35.589238861655595,110.52806231392216,1.3235486425961485
32.91232724945806,114.86234325713053,1.0525500353653383
38.48944492371946,104.24747659319856,17.29970060894659
38.969112495855114,118.72539488000925,10.725208968348262
32.51888048917211,120.31488671191825,19.36170364221855
19.053283874920226,108.72349420770416,27.995115901326884
25.994067307147535,103.11821246527195,1.6708073156849923
31.66691663155149,121.54270845936448,27.023149894457916
23.842706060620973,107.02036586434173,22.45985382586339
28.31886920746821,116.10677057509025,8.288220568901469
23.583123433296358,107.41664733662887,23.49386441708157
27.531533425444927,118.46507361943227,20.83973102057886
32.384409407714315,117.82783647615891,19.80023009620644
39.98412085348397,113.54321408707933,19.66378284358215
31.568360880607642,119.0388522585012,28.613148860674954
41.415986049179594,113.6123219319232,16.326942980498472
28.22184907861446,91.53936534118,15.441878038846449
35.748115871033065,112.38701008635557,10.064351736005246
41.17308848377422,118.33565592546519,24.960619219998467
43.39928170482414,87.32532359208932,19.393648942842624
29.550652973570585,105.56911814083145,13.814022958085063
29.1315944079457,115.87752985211692,3.819640885325921
31.491517174217748,120.58130571654179,21.306740592019175
28.269869025119384,105.39278220706068,28.954069893534907
33.24451904196258,112.54182129874512,2.2203972887006462
23.29726361056087,104.20590667074275,16.136882175322892
39.342884228805026,116.33141839664371,6.3203886733472565
33.808688585659084,115.82205907684786,21.512468233235207
24.874355063805996,119.9549988566115,29.713742774279496
34.64601724592958,103.86628555417208,16.281008507688707
30.469245821090276,117.86640356239447,25.945402028470056
37.896902701263365,117.0313513969347,25.69699137879936
26.53898295702715,108.0274366903198,6.691476016414262
34.57255648740139,109.35050452414751,7.094766860442618
35.67551160354766,101.72457408333084,4.508679415936228
29.24180013883306,114.54752568212406,19.029991779347675
36.71168719697914,104.52824347470819,6.1330345694360915
38.31155037016467,100.24983096901056,7.046718604157222
38.59616454647399,111.96529239488406,24.371904750052312
29.924283187951502,104.69269443575084,13.23577094611383
29.613054495545697,113.4979717216843,10.297255711414401
44.32526560214795,126.54653624244199,9.328667496919948
32.826557665100346,118.67659200627854,10.63096665819721
30.805665080363426,105.4178109239552,14.108638602354521
38.937389332489026,116.86001048134726,23.944227321929148
18.448090749847097,111.35736829709856,24.148937320850035
43.93185770804877,89.44590509096935,29.048250073324525
40.71249439918553,124.88386147506333,3.9784447530460065
24.534239732390482,118.34802187455351,9.942935641044386
22.271859346669565,106.3336839179255,3.293531850100504
23.216406580754892,103.24543797984191,2.9872739122739134
38.02980909000351,115.90495237464759,25.745953066687314
39.6122725961129,106.08425819474543,15.994428482708491
27.64144287083323,113.89553072594319,17.97356726679685
23.90153117742917,112.44900466726388,9.049432953999588
22.071128274601698,108.6572013594384,8.352704932314527
27.79960944207069,91.75057431922511,5.888887535671641
43.1977326100588,87.25353313437844,28.09453382966601
31.734134769934563,119.74816146024239,2.2982758314793172
31.698544151729624,102.08107332018369,9.371203488092144
38.07036157595922,115.7040551816289,8.600151366913476
26.886493590477112,115.22110709588077,14.362657924556345
45.36704373365873,89.12285817168159,20.75445876021864
39.9584930774691,106.53382959249062,4.0896067418626885
39.062343909280074,112.45631564878957,12.135364928771871
31.5585083566378,117.12003555079643,8.57191080048195
24.647945705864856,110.14448725188971,20.152340575603997
26.352992290845428,105.19951534154538,4.281918808377137
44.95798909092221,87.44516588041985,3.243587070556677
30.37409758811543,119.28267091425292,27.906509388897035
34.12667427730545,108.11286552915857,28.170945473180176
37.419218271361956,117.23097155784741,12.60172680468598
32.25091735854244,116.54610543478962,25.487496125193204
37.94913225446633,107.95298447416049,19.93357209715707
36.30155050016954,100.96130245738398,18.58283577776463
24.470522533171454,112.13367180769691,18.19409245399536
37.92266330291174,113.27157445400138,1.7444578514286513
32.638102168869786,105.05350978925073,5.625636928139956
29.801578404327987,112.5469377570441,14.23094367256213
37.311508457247925,114.78502285131303,13.37131594508029
31.147698875319882,118.56057769050157,17.138137450818324
38.213645287899865,116.31906744762061,16.48122322957046
23.14072760974319,113.14403990024654,18.80113516107155
30.188640842984494,107.56315516950751,22.76359972050426
31.851345118864824,118.6281675550738,27.38752388226726
28.119300971129793,104.7314743697848,23.080773732652784
23.850905510989087,104.53128826165519,19.28359763775202
22.10348002991423,107.40094763289464,13.150279650770305
35.877485505842614,101.90028023850951,23.75609587264014
30.89989509652877,119.69021861781752,27.053108703099447
28.903318796185836,115.13764062226123,5.8126802980309815
24.542747937370628,106.60237909896824,10.592123813580894
38.66699488306887,115.69813019427497,11.52714185190158
36.05385456160889,116.43385555098695,11.965307999392405
19.47780468889384,110.87394481711712,0.8988934128142101
28.44200136979122,106.37112164648464,2.5100772810611938
28.931840614215563,118.98780490293865,9.582972575201785
41.000606204495774,112.56396658442233,21.436599168537136
32.5894070924944,118.08534527656185,9.569724768601194
36.253102378077514,100.77750103453575,17.61938663239591
29.212873427234893,113.06194811592206,18.7234292067107
45.01567895316948,126.13101208987699,28.541886744675196
38.30282103669427,116.73890048883908,21.30371415405505
27.542407877378018,114.909493056443,4.535106761783528
21.486341287275163,111.5496499477332,27.11219923012798
30.25748797986963,116.17670041206097,29.13688690253474
27.459852334519237,112.92258833085097,7.825986486349718
37.91887365861002,111.72883232174196,20.12844985488123
19.789564777988765,110.357176206044,18.510508068016406
40.79777363365529,117.31859390547453,4.642953055014143
37.20439102512398,118.44186264166106,17.087808104137242
24.687466962219624,108.29218228110659,27.6605923148463
24.455355506005624,103.93533568245935,27.75722395396221
22.53158125681543,112.61350047944343,23.66471137213669
39.773036317842475,106.4475151163383,20.851363035676922
30.2605402303579,116.0533639134378,25.153352270635743
39.4401032518233,116.46252825058467,1.8910192680687654
41.1000689116572,111.21700032836976,16.609248980430614
27.733555946783223,118.95704708216408,6.009849375011596
27.77908397366817,108.02262117785705,17.165588256657394
24.35183963340282,113.72893822886797,26.618580905652568
29.154291547042646,114.08126246966809,6.1658178161172605
45.83230753808724,87.09064904555142,25.00913424696969
40.375179695038575,117.56082034751827,18.755315970616365
36.469738432687954,114.58863606005943,10.356069386436701
25.855433961134263,108.16693467387495,8.9483276535407
36.938366152238565,114.74610714718301,15.784475034159403
31.137727939297626,113.24703437610071,4.21006059482438
38.14298381535247,111.04147748214736,25.123995058896792
36.68185567845905,114.8694044000186,11.872904423660115
40.19318322391031,118.14694947214294,19.136373845241593
37.3907369505071,116.25226793530932,28.520855378224027
26.90429064860249,117.80826810429471,24.354925699715796
26.892578800650192,104.56895674475894,10.282561328866569
43.02369419067385,122.69427957182084,26.357640229191357
28.931467637939697,114.3864486463097,8.496995944766768
35.22475290853363,115.49191260697887,8.25452900948662
